{
    "model 1 layers [64, 0.2, 1],  batch = 32, epochs = 20, learningRate = 0.0005, activation = relu": {
        "accuracy": [
            0.5256476402282715,
            0.5494818687438965,
            0.5466321110725403,
            0.5772020816802979,
            0.5632124543190002,
            0.5717616677284241,
            0.5699481964111328,
            0.5556994676589966,
            0.5777202248573303,
            0.5772020816802979,
            0.5764248967170715,
            0.5898963809013367,
            0.5860103368759155,
            0.5852331519126892,
            0.5888600945472717,
            0.6007772088050842,
            0.6075129508972168,
            0.6069948077201843,
            0.6038860082626343,
            0.6181347370147705
        ],
        "loss": [
            465.59814453125,
            330.3094177246094,
            269.40948486328125,
            209.2537384033203,
            179.37527465820312,
            153.84487915039062,
            123.50570678710938,
            118.26155853271484,
            94.75286102294922,
            91.01870727539062,
            86.01459503173828,
            60.5875129699707,
            53.29534912109375,
            45.670719146728516,
            39.07456970214844,
            33.09697341918945,
            43.11058044433594,
            29.000699996948242,
            24.28614616394043,
            21.480464935302734
        ],
        "val_accuracy": [
            0.589026927947998,
            0.6449275612831116,
            0.5993788838386536,
            0.5465838313102722,
            0.6107660531997681,
            0.6035196781158447,
            0.6086956262588501,
            0.6221532225608826,
            0.6273291707038879,
            0.5993788838386536,
            0.6231883764266968,
            0.6149068474769592,
            0.6211180090904236,
            0.6055900454521179,
            0.6086956262588501,
            0.611801266670227,
            0.6159420013427734,
            0.6076604723930359,
            0.5879917144775391,
            0.611801266670227
        ],
        "val_loss": [
            234.2115478515625,
            215.44996643066406,
            120.4615478515625,
            115.05204010009766,
            83.2396011352539,
            70.50401306152344,
            65.47323608398438,
            60.168243408203125,
            54.3785514831543,
            51.46991729736328,
            51.15350341796875,
            43.57476043701172,
            37.43265151977539,
            34.64576721191406,
            33.667762756347656,
            27.236602783203125,
            24.950220108032227,
            23.006547927856445,
            21.25358772277832,
            18.92936897277832
        ],
        "avg": 0.5789119184017182,
        "max": 0.6181347370147705
    }
}