{
    "model 3 layers [128, 0.2, 64, 0.2, 32, 1],  batch = 64, epochs = 35, learningRate = 0.0001, activation = relu": {
        "accuracy": [
            0.6129770278930664,
            0.6494128704071045,
            0.6606371998786926,
            0.6664220094680786,
            0.6706959009170532,
            0.6747539043426514,
            0.679589033126831,
            0.6749266386032104,
            0.6814453601837158,
            0.6848989725112915,
            0.6848989725112915,
            0.686582624912262,
            0.691460907459259,
            0.6889138221740723,
            0.6879209280014038,
            0.6912450194358826,
            0.6924969553947449,
            0.6965118050575256,
            0.6952598690986633,
            0.6971161961555481,
            0.6999222636222839,
            0.700094997882843,
            0.6992315649986267,
            0.7032895684242249,
            0.7029010653495789,
            0.7050595879554749,
            0.7040666341781616,
            0.7074770927429199,
            0.7113624811172485,
            0.709117591381073,
            0.7120100259780884,
            0.713046133518219,
            0.7108443975448608,
            0.7109307646751404,
            0.7114487886428833
        ],
        "loss": [
            0.6641665697097778,
            0.6371402740478516,
            0.6222429275512695,
            0.6176990270614624,
            0.6114687323570251,
            0.6075705885887146,
            0.606734573841095,
            0.6058093309402466,
            0.6000780463218689,
            0.5978597402572632,
            0.5957522988319397,
            0.5947486162185669,
            0.5919297337532043,
            0.5914551019668579,
            0.5903044939041138,
            0.5866343379020691,
            0.5867927670478821,
            0.5845426321029663,
            0.5840747356414795,
            0.5806942582130432,
            0.5799621939659119,
            0.5798238515853882,
            0.578924834728241,
            0.5762397050857544,
            0.577055037021637,
            0.5736928582191467,
            0.573005735874176,
            0.5724133253097534,
            0.5685199499130249,
            0.5700884461402893,
            0.5676480531692505,
            0.5646156072616577,
            0.567465603351593,
            0.5662050843238831,
            0.5647075772285461
        ],
        "val_accuracy": [
            0.6422652006149292,
            0.6605662703514099,
            0.6691988706588745,
            0.6736878156661987,
            0.685773491859436,
            0.689226508140564,
            0.6940608024597168,
            0.6944060921669006,
            0.6909530162811279,
            0.6956146359443665,
            0.6978591084480286,
            0.6971685290336609,
            0.6956146359443665,
            0.6983770728111267,
            0.7016574740409851,
            0.7035566568374634,
            0.7014847993850708,
            0.7061464190483093,
            0.7063190340995789,
            0.7075276374816895,
            0.7092541456222534,
            0.7111533284187317,
            0.7101173996925354,
            0.7127071619033813,
            0.7132251262664795,
            0.7152969837188721,
            0.7156422734260559,
            0.716160237789154,
            0.717023491859436,
            0.7185773253440857,
            0.7175414562225342,
            0.7192679643630981,
            0.7189226746559143,
            0.7199585437774658,
            0.7206491827964783
        ],
        "val_loss": [
            0.6394219994544983,
            0.6208008527755737,
            0.6111377477645874,
            0.606074333190918,
            0.6015959978103638,
            0.5983108878135681,
            0.5952953100204468,
            0.593130350112915,
            0.5917629599571228,
            0.5890037417411804,
            0.5867586731910706,
            0.5856772065162659,
            0.5842021703720093,
            0.5825453996658325,
            0.5805050730705261,
            0.5790714025497437,
            0.5777050256729126,
            0.5764465928077698,
            0.5746922492980957,
            0.573021650314331,
            0.5712523460388184,
            0.5705254673957825,
            0.5688621401786804,
            0.5686035752296448,
            0.5671011805534363,
            0.5660454630851746,
            0.5643914341926575,
            0.5634690523147583,
            0.5619149804115295,
            0.5618872046470642,
            0.5607717037200928,
            0.5589480996131897,
            0.5579224228858948,
            0.5567408204078674,
            0.5555644035339355
        ],
        "avg": 0.6905419707298279,
        "max": 0.713046133518219
    }
}